Group,People per dot,2016 Number,2016 Dots,2017 Number,2017 Dots,2018 Number,2018 Dots,2019 Number,2019 Dots,2020 Number,2020 Dots,2021 Number,2021 Dots,2022 Number,2022 Dots,Average 2016-2022 Number,Average 2016-2022 Dots
Eligible non-voters,10000,,,,,,,"27,373,058",2737,,,"27,509,496",2751,,,"27,441,277",2744
Non-donating voters,10000,,,,,,,"18,350,359",1835,,,"17,209,811",1721,,,"17,780,085",1778
Donors >$1000,10000,11874,1,9942,1,"13,114",1,"19,726",2,"12,385",1,"17,177",2,"13,414",1,13947.4285714286,1
Donors $500-999,10000,12296,1,10395,1,"14,935",1,"20,604",2,"13,047",1,"18,294",2,"13,374",1,14706.4285714286,1
Donors $200-499,10000,31807,3,31016,3,"36,706",4,"50,010",5,"35,861",4,"44,408",4,"36,504",4,38044.5714285714,4
Donors $1-199,10000,161374,16,169683,17,"154,521",15,"211,937",21,"166,055",17,"191,332",19,"153,293",15,172599.285714286,17